source_page,keyword_anchor,anchor_text,target_url
"/","IIT JEE coaching in Gurgaon","IIT JEE coaching in Gurgaon","/courses/iit"
"/","NEET coaching in Gurgaon","NEET coaching in Gurgaon","/courses/neet"
"/about/","IIT JEE coaching in Gurgaon","IIT JEE coaching in Gurgaon","/courses/iit"
"/about/","NEET coaching in Gurgaon","NEET coaching in Gurgaon","/courses/neet"
"/about/","IIT JEE foundation course Gurgaon","IIT JEE foundation course Gurgaon","/courses/foundation"
"/blogs/","IIT JEE coaching in Gurgaon","IIT JEE coaching in Gurgaon","/courses/iit"
"/blogs/","NEET coaching in Gurgaon","NEET coaching in Gurgaon","/courses/neet"
"/blogs/","biology tutor class 10 Gurgaon board exam","30 June 2026Looking for a Biology Tutor for Class 10 in Gurgaon? Here's What Actually Helps Before BoardsIf you're a parent or student in Gurgaon trying to figure out the right biology tutor class 10 Gurgaon board exam prep, you're probably noticing...Read More","/blogs/biology-tutor-class-10-gurgaon-boards"
"/blogs/","NEET coaching in Gurgaon","12 June 2026Is One Year NEET Coaching Gurgaon Enough? Here's What Actually Works in GurgaonA practical guide for NEET aspirants exploring one-year NEET coaching in Gurgaon. Learn who the course is for, how the syllabus is covered, and why Good Marks Classes is a trusted choice.Read More","/blogs/one-year-neet-coaching-gurgaon"
"/courses/","1 year JEE coaching Gurgaon","1 year JEE coaching Gurgaon","/course/1-year-regular-12/"
"/courses/","NEET coaching in Gurgaon","NEET coaching in Gurgaon","/courses/neet/"
"/courses/","physics tutor for class 11 CBSE Gurgaon","physics tutor for Class 11 CBSE Gurgaon","/subject/physics/"
"/doubt-sessions/","physics tuition for class 9 Gurgaon","physics tuition for class 9 Gurgaon","/subject/physics"
"/doubt-sessions/","chemistry tuition classes in Gurgaon","chemistry tuition classes in Gurgaon","/subject/chemistry"
"/doubt-sessions/","maths tuition for weak students Gurgaon","maths tuition for weak students Gurgaon","/subject/mathematics"
"/home-tuition/","IIT JEE coaching in Gurgaon","IIT JEE coaching in Gurgaon","/courses/iit"
"/home-tuition/","NEET coaching in Gurgaon","NEET coaching in Gurgaon","/courses/neet"
"/home-tuition/","1 year JEE coaching Gurgaon","1 year JEE coaching Gurgaon","/course/1-year-regular-12"
"/join-faculty/","IIT JEE coaching in Gurgaon","IIT JEE coaching in Gurgaon","/courses/iit"
"/join-faculty/","NEET coaching in Gurgaon","NEET coaching in Gurgaon","/courses/neet"
"/locations/","IIT JEE coaching in Gurgaon","IIT JEE coaching in Gurgaon","/courses/iit"
"/locations/","NEET coaching in Gurgaon","NEET coaching in Gurgaon","/courses/neet"
"/olympiad/","IIT JEE foundation course Gurgaon","IIT JEE foundation course Gurgaon","/courses/foundation"
"/olympiad/","NEET foundation course Gurgaon","NEET foundation course Gurgaon","/courses/foundation"
"/olympiad/","maths coaching for class 10 in Gurgaon","maths coaching for class 10 in Gurgaon","/subject/mathematics"
"/physics-classes-sunil-gola/","best physics teacher in Gurgaon for class 12","best physics teacher in Gurgaon for class 12","/subject/physics"
"/physics-classes-sunil-gola/","physics tutor Sector 85 Gurgaon","physics tutor Sector 85 Gurgaon","/subject/physics"
"/physics-classes-sunil-gola/","2 year IIT JEE program Gurgaon","2 year IIT JEE program Gurgaon","/course/2-year-integrated-regular"
"/thank-you/","IIT JEE coaching in Gurgaon","IIT JEE coaching in Gurgaon","/courses/iit"
"/thank-you/","NEET coaching in Gurgaon","NEET coaching in Gurgaon","/courses/neet"
"/blogs/1-year-neet-coaching-gurgaon/","1 year NEET coaching Gurgaon","1 year NEET coaching Gurgaon","/course/1-year-regular-12-neet"
"/blogs/1-year-neet-coaching-gurgaon/","NEET coaching in Gurgaon","NEET coaching in Gurgaon","/courses/neet"
"/blogs/1-year-neet-coaching-gurgaon/","NEET dropper course Gurgaon","NEET dropper course Gurgaon","/courses/neet"
"/blogs/2-year-iit-jee-program-gurgaon-beats-rushed-crash-course/","2 year IIT JEE program Gurgaon","2 year IIT JEE program Gurgaon","/course/2-year-integrated-regular"
"/blogs/2-year-iit-jee-program-gurgaon-beats-rushed-crash-course/","IIT JEE coaching in Gurgaon","IIT JEE coaching in Gurgaon","/courses/iit"
"/blogs/2-year-iit-jee-program-gurgaon-beats-rushed-crash-course/","IIT JEE foundation course Gurgaon","IIT JEE foundation course Gurgaon","/courses/foundation"
"/blogs/2-year-iit-jee-program-in-gurgaon-everything-you-need-to-know-before-you-enroll/","2 year IIT JEE program Gurgaon","2 year IIT JEE program Gurgaon","/course/2-year-integrated-regular"
"/blogs/2-year-iit-jee-program-in-gurgaon-everything-you-need-to-know-before-you-enroll/","IIT JEE coaching in Gurgaon","IIT JEE coaching in Gurgaon","/courses/iit"
"/blogs/2-year-iit-jee-program-in-gurgaon-everything-you-need-to-know-before-you-enroll/","IIT JEE foundation course Gurgaon","IIT JEE foundation course Gurgaon","/courses/foundation"
"/blogs/best-physics-coaching-for-class-11-near-me/","physics tutor for class 11 CBSE Gurgaon","physics tutor for class 11 CBSE Gurgaon","/subject/physics/"
"/blogs/best-physics-coaching-for-class-11-near-me/","IIT JEE coaching in Gurgaon","IIT JEE coaching in Gurgaon","/courses/iit"
"/blogs/best-physics-coaching-for-class-11-near-me/","NEET coaching in Gurgaon","NEET coaching in Gurgaon","/courses/neet"
"/blogs/beyond-the-textbook-why-gurgaon-parents-are-rethinking-cbse-tuitions/","maths tuition for weak students Gurgaon","maths tuition for weak students Gurgaon","/subject/mathematics"
"/blogs/beyond-the-textbook-why-gurgaon-parents-are-rethinking-cbse-tuitions/","CBSE chemistry tuition class 12 Gurgaon","CBSE chemistry tuition class 12 Gurgaon","/subject/chemistry"
"/blogs/beyond-the-textbook-why-gurgaon-parents-are-rethinking-cbse-tuitions/","CBSE biology tuition class 12 Gurugram","CBSE biology tuition class 12 Gurugram","/subject/biology"
"/blogs/biology-tutor-class-10-gurgaon-boards/","biology tutor class 10 Gurgaon board exam","biology tutor class 10 Gurgaon board exam","/subject/biology"
"/blogs/biology-tutor-class-10-gurgaon-boards/","biology tuition for class 12 Gurgaon","biology tuition for class 12 Gurgaon","/subject/biology"
"/blogs/chemistry-boards-stressing-gurgaon-students/","chemistry tuition for board exams Gurgaon","chemistry tuition for board exams Gurgaon","/subject/chemistry/"
"/blogs/chemistry-boards-stressing-gurgaon-students/","CBSE chemistry tuition class 12 Gurgaon","CBSE chemistry tuition class 12 Gurgaon","/subject/chemistry"
"/blogs/class-10-maths-harder-than-it-should/","maths coaching for class 10 in Gurgaon","maths coaching for class 10 in Gurgaon","/subject/mathematics"
"/blogs/class-10-maths-harder-than-it-should/","ICSE maths tuition Gurgaon class 10","ICSE maths tuition Gurgaon class 10","/subject/mathematics"
"/blogs/class-11-chemistry-tougher-than-expected/","chemistry coaching for class 11 Gurgaon","chemistry coaching for class 11 Gurgaon","/subject/chemistry"
"/blogs/class-11-chemistry-tougher-than-expected/","chemistry tuition classes in Gurgaon","chemistry tuition classes in Gurgaon","/subject/chemistry"
"/blogs/class-11-maths-catches-students-off-guard/","maths coaching for class 11 in Gurgaon","maths coaching for class 11 in Gurgaon","/subject/mathematics/"
"/blogs/class-11-maths-catches-students-off-guard/","IIT JEE coaching in Gurgaon","IIT JEE coaching in Gurgaon","/courses/iit"
"/blogs/class-12-physics-doesnt-ease-you-in/","best physics teacher in Gurgaon for class 12","best physics teacher in Gurgaon for class 12","/subject/physics/"
"/blogs/class-12-physics-doesnt-ease-you-in/","NEET coaching in Gurgaon","NEET coaching in Gurgaon","/courses/neet"
"/blogs/class-12-physics-doesnt-ease-you-in/","IIT JEE coaching in Gurgaon","IIT JEE coaching in Gurgaon","/courses/iit"
"/blogs/iit-jee-foundation-course-gurgaon-class-8-10-batches/","IIT JEE foundation course Gurgaon","IIT JEE foundation course Gurgaon","/courses/foundation"
"/blogs/iit-jee-foundation-course-gurgaon-class-8-10-batches/","IIT JEE coaching in Gurgaon","IIT JEE coaching in Gurgaon","/courses/iit"
"/blogs/iit-jee-foundation-course-gurgaon-class-8-10/","IIT JEE foundation course Gurgaon","IIT JEE foundation course Gurgaon","/courses/foundation"
"/blogs/iit-jee-foundation-course-gurgaon-class-8-10/","IIT JEE coaching in Gurgaon","IIT JEE coaching in Gurgaon","/courses/iit"
"/blogs/iit-jee-foundation-course-gurgaon-class-8-10/","maths coaching for class 10 in Gurgaon","maths coaching for class 10 in Gurgaon","/subject/mathematics"
"/blogs/manesars-quiet-coaching-problem-why-board-prep-and-entrance-exam-prep-keep-getting-treated-as-two-different-jobs/","maths coaching for class 10 in Gurgaon","maths coaching for class 10 in Gurgaon","/subject/mathematics"
"/blogs/manesars-quiet-coaching-problem-why-board-prep-and-entrance-exam-prep-keep-getting-treated-as-two-different-jobs/","CBSE chemistry tuition class 12 Gurgaon","CBSE chemistry tuition class 12 Gurgaon","/subject/chemistry"
"/blogs/manesars-quiet-coaching-problem-why-board-prep-and-entrance-exam-prep-keep-getting-treated-as-two-different-jobs/","CBSE biology tuition class 12 Gurugram","CBSE biology tuition class 12 Gurugram","/subject/biology"
"/blogs/maths-tuition-for-weak-students-gurgaon/","maths tuition for weak students Gurgaon","maths tuition for weak students Gurgaon","/subject/mathematics"
"/blogs/maths-tuition-for-weak-students-gurgaon/","maths coaching for class 11 in Gurgaon","maths coaching for class 11 in Gurgaon","/subject/mathematics"
"/blogs/one-year-for-jee-in-gurgaon-honest-answers-to-the-questions-students-actually-have/","IIT JEE coaching in Gurgaon","IIT JEE coaching in Gurgaon","/courses/iit"
"/blogs/one-year-for-jee-in-gurgaon-honest-answers-to-the-questions-students-actually-have/","1 year JEE coaching Gurgaon","1 year JEE coaching Gurgaon","/course/1-year-regular-12"
"/blogs/one-year-jee-coaching-gurgaon-plan/","IIT JEE coaching in Gurgaon","IIT JEE coaching in Gurgaon","/courses/iit"
"/blogs/one-year-jee-coaching-gurgaon-plan/","1 year JEE coaching Gurgaon","1 year JEE coaching Gurgaon","/course/1-year-regular-12"
"/blogs/one-year-jee-coaching-gurgaon-plan/","JEE dropper course Gurgaon","JEE dropper course Gurgaon","/courses/iit"
"/blogs/one-year-jee-coaching-gurgaon-twelve-months-one-shot/","1 year JEE coaching Gurgaon","1 year JEE coaching Gurgaon","/course/1-year-regular-12"
"/blogs/one-year-jee-coaching-gurgaon-twelve-months-one-shot/","IIT JEE coaching in Gurgaon","IIT JEE coaching in Gurgaon","/courses/iit"
"/blogs/one-year-neet-coaching-gurgaon-plan/","NEET coaching in Gurgaon","1 year NEET coaching in Gurgaon","/courses/neet"
"/blogs/one-year-neet-coaching-gurgaon-plan/","1 year NEET coaching Gurgaon","1 year NEET coaching Gurgaon","/course/1-year-regular-12-neet"
"/blogs/one-year-neet-coaching-gurgaon-plan/","NEET dropper course Gurgaon","NEET dropper course Gurgaon","/courses/neet"
"/blogs/one-year-neet-coaching-gurgaon/","1 year NEET coaching Gurgaon","1 year NEET coaching Gurgaon","/course/1-year-regular-12-neet"
"/blogs/one-year-neet-coaching-gurgaon/","NEET coaching in Gurgaon","NEET coaching in Gurgaon","/courses/neet"
"/blogs/one-year-neet-coaching-gurgaon/","NEET dropper course Gurgaon","NEET dropper course Gurgaon","/courses/neet"
"/blogs/one-year-neet-coaching-gurgaon/","NEET coaching in Gurgaon","1 year NEET coaching in Gurgaon,","/course/1-year-regular-12-neet/"
"/blogs/physics-boards-sneak-up-on-class-10-students/","class 10 physics tuition Gurugram board exam","class 10 physics tuition Gurugram board exam","/subject/physics"
"/blogs/physics-boards-sneak-up-on-class-10-students/","physics tuition for class 9 Gurgaon","physics tuition for class 9 Gurgaon","/subject/physics"
"/blogs/physics-tuition-in-gurgaon-what-to-look-for-and-why-most-students-wait-too-long-to-get-help/","physics tutor Sector 85 Gurgaon","physics tutor Sector 85 Gurgaon","/subject/physics"
"/blogs/physics-tuition-in-gurgaon-what-to-look-for-and-why-most-students-wait-too-long-to-get-help/","IIT JEE coaching in Gurgaon","IIT JEE coaching in Gurgaon","/courses/iit"
"/blogs/physics-tuition-in-gurgaon-what-to-look-for-and-why-most-students-wait-too-long-to-get-help/","NEET coaching in Gurgaon","NEET coaching in Gurgaon","/courses/neet"
"/blogs/physics-tutor-in-sector-85-gurgaon-local-guide/","physics tutor Sector 85 Gurgaon","physics tutor Sector 85 Gurgaon","/subject/physics"
"/blogs/physics-tutor-in-sector-85-gurgaon-local-guide/","best physics teacher in Gurgaon for class 12","best physics teacher in Gurgaon for class 12","/subject/physics"
"/blogs/struggling-with-class-10-biology-before-boards/","biology tutor class 10 Gurgaon board exam","biology tutor class 10 Gurgaon board exam","/subject/biology"
"/blogs/struggling-with-class-10-biology-before-boards/","CBSE biology tuition class 12 Gurugram","CBSE biology tuition class 12 Gurugram","/subject/biology"
"/blogs/two-year-iit-jee-program-gurgaon-class-11/","2 year IIT JEE program Gurgaon","2 year IIT JEE program Gurgaon","/course/2-year-integrated-regular"
"/blogs/two-year-iit-jee-program-gurgaon-class-11/","IIT JEE coaching in Gurgaon","IIT JEE coaching in Gurgaon","/courses/iit"
"/blogs/why-class-11-biology-feels-like-a-different-subject/","biology ncert solutions coaching class 11","biology ncert solutions coaching class 11","/subject/biology/"
"/blogs/why-class-11-biology-feels-like-a-different-subject/","biology coaching near Sohna Road Gurugram","biology coaching near Sohna Road Gurugram","/subject/biology"
"/blogs/why-class-11-biology-feels-like-a-different-subject/","NEET coaching in Gurgaon","NEET coaching in Gurgaon","/courses/neet"
"/course/1-year-extended-classroom-jee/","IIT JEE coaching in Gurgaon","IIT JEE coaching in Gurgaon","/courses/iit"
"/course/1-year-extended-classroom-jee/","IIT JEE foundation course Gurgaon","IIT JEE foundation course Gurgaon","/courses/foundation"
"/course/1-year-extended-classroom-jee/","JEE dropper course Gurgaon","JEE dropper course Gurgaon","/courses/iit"
"/course/1-year-extended-classroom-neet/","NEET coaching in Gurgaon","NEET coaching in Gurgaon","/courses/neet"
"/course/1-year-extended-classroom-neet/","NEET foundation course Gurgaon","NEET foundation course Gurgaon","/courses/foundation"
"/course/1-year-extended-classroom-neet/","NEET dropper course Gurgaon","NEET dropper course Gurgaon","/courses/neet"
"/course/1-year-regular-12-neet/","NEET coaching in Gurgaon","NEET coaching in Gurgaon","/courses/neet"
"/course/1-year-regular-12-neet/","NEET foundation course Gurgaon","NEET foundation course Gurgaon","/courses/foundation"
"/course/1-year-regular-12-neet/","2 year NEET coaching Gurgaon","2 year NEET coaching Gurgaon","/course/2-year-integrated-regular-neet"
"/course/1-year-regular-12/","IIT JEE coaching in Gurgaon","IIT JEE coaching in Gurgaon","/courses/iit"
"/course/1-year-regular-12/","IIT JEE foundation course Gurgaon","IIT JEE foundation course Gurgaon","/courses/foundation"
"/course/1-year-regular-12/","2 year IIT JEE program Gurgaon","2 year IIT JEE program Gurgaon","/course/2-year-integrated-regular"
"/course/2-year-integrated-regular-neet/","NEET coaching in Gurgaon","NEET coaching in Gurgaon","/courses/neet"
"/course/2-year-integrated-regular-neet/","NEET foundation course Gurgaon","NEET foundation course Gurgaon","/courses/foundation"
"/course/2-year-integrated-regular-neet/","1 year NEET coaching Gurgaon","1 year NEET coaching Gurgaon","/course/1-year-regular-12-neet"
"/course/2-year-integrated-regular/","IIT JEE coaching in Gurgaon","IIT JEE coaching in Gurgaon","/courses/iit"
"/course/2-year-integrated-regular/","IIT JEE foundation course Gurgaon","IIT JEE foundation course Gurgaon","/courses/foundation"
"/course/2-year-integrated-regular/","1 year JEE coaching Gurgaon","1 year JEE coaching Gurgaon","/course/1-year-regular-12"
"/course/2-year-integrated-spark-neet/","NEET coaching in Gurgaon","NEET coaching in Gurgaon","/courses/neet"
"/course/2-year-integrated-spark-neet/","NEET foundation course Gurgaon","NEET foundation course Gurgaon","/courses/foundation"
"/course/2-year-integrated-spark-neet/","1 year NEET coaching Gurgaon","1 year NEET coaching Gurgaon","/course/1-year-regular-12-neet"
"/course/2-year-integrated-spark/","IIT JEE coaching in Gurgaon","IIT JEE coaching in Gurgaon","/courses/iit"
"/course/2-year-integrated-spark/","IIT JEE foundation course Gurgaon","IIT JEE foundation course Gurgaon","/courses/foundation"
"/course/2-year-integrated-spark/","1 year JEE coaching Gurgaon","1 year JEE coaching Gurgaon","/course/1-year-regular-12"
"/course/cbse-tuition-class-10/","maths coaching for class 10 in Gurgaon","maths coaching for class 10 in Gurgaon","/subject/mathematics"
"/course/cbse-tuition-class-10/","class 10 physics tuition Gurugram board exam","class 10 physics tuition Gurugram board exam","/subject/physics"
"/course/cbse-tuition-class-10/","biology tutor class 10 Gurgaon board exam","biology tutor class 10 Gurgaon board exam","/subject/biology"
"/course/cbse-tuition-class-11/","chemistry coaching for class 11 Gurgaon","chemistry coaching for class 11 Gurgaon","/subject/chemistry"
"/course/cbse-tuition-class-11/","maths coaching for class 11 in Gurgaon","maths coaching for class 11 in Gurgaon","/subject/mathematics"
"/course/cbse-tuition-class-11/","physics tutor for class 11 CBSE Gurgaon","physics tutor for class 11 CBSE Gurgaon","/subject/physics"
"/course/cbse-tuition-class-12/","CBSE chemistry tuition class 12 Gurgaon","CBSE chemistry tuition class 12 Gurgaon","/subject/chemistry"
"/course/cbse-tuition-class-12/","maths coaching for class 12 Gurgaon","maths coaching for class 12 Gurgaon","/subject/mathematics"
"/course/cbse-tuition-class-12/","best physics teacher in Gurgaon for class 12","best physics teacher in Gurgaon for class 12","/subject/physics"
"/course/cbse-tuition-class-8/","IIT JEE foundation course Gurgaon","IIT JEE foundation course Gurgaon","/courses/foundation"
"/course/cbse-tuition-class-8/","NEET foundation course Gurgaon","NEET foundation course Gurgaon","/courses/foundation"
"/course/cbse-tuition-class-8/","maths coaching for class 10 in Gurgaon","maths coaching for class 10 in Gurgaon","/subject/mathematics"
"/course/cbse-tuition-class-9/","physics tuition for class 9 Gurgaon","physics tuition for class 9 Gurgaon","/subject/physics"
"/course/cbse-tuition-class-9/","IIT JEE foundation course Gurgaon","IIT JEE foundation course Gurgaon","/courses/foundation"
"/course/cbse-tuition-class-9/","maths coaching for class 10 in Gurgaon","maths coaching for class 10 in Gurgaon","/subject/mathematics"
"/courses/cbse/","1 year JEE coaching Gurgaon","1 year JEE coaching Gurgaon","/course/1-year-regular-12/"
"/courses/cbse/","NEET coaching in Gurgaon","NEET coaching in Gurgaon","/courses/neet/"
"/courses/cbse/","physics tutor for class 11 CBSE Gurgaon","physics tutor for Class 11 CBSE Gurgaon","/subject/physics/"
"/courses/foundation/","1 year JEE coaching Gurgaon","1 year JEE coaching Gurgaon","/course/1-year-regular-12/"
"/courses/foundation/","NEET coaching in Gurgaon","NEET coaching in Gurgaon","/courses/neet/"
"/courses/foundation/","physics tutor for class 11 CBSE Gurgaon","physics tutor for Class 11 CBSE Gurgaon","/subject/physics/"
"/courses/iit/","1 year JEE coaching Gurgaon","1 year JEE coaching Gurgaon","/course/1-year-regular-12/"
"/courses/iit/","NEET coaching in Gurgaon","NEET coaching in Gurgaon","/courses/neet/"
"/courses/iit/","physics tutor for class 11 CBSE Gurgaon","physics tutor for Class 11 CBSE Gurgaon","/subject/physics/"
"/courses/neet/","1 year JEE coaching Gurgaon","1 year JEE coaching Gurgaon","/course/1-year-regular-12/"
"/courses/neet/","NEET coaching in Gurgaon","NEET coaching in Gurgaon","/courses/neet/"
"/courses/neet/","physics tutor for class 11 CBSE Gurgaon","physics tutor for Class 11 CBSE Gurgaon","/subject/physics/"
"/locations/cbse-tuition-gurgaon-sector-78/","maths coaching for class 10 in Gurgaon","maths coaching for class 10 in Gurgaon","/subject/mathematics"
"/locations/cbse-tuition-gurgaon-sector-78/","physics tutor for class 11 CBSE Gurgaon","physics tutor for class 11 CBSE Gurgaon","/subject/physics"
"/locations/cbse-tuition-gurgaon-sector-78/","chemistry tuition for board exams Gurgaon","chemistry tuition for board exams Gurgaon","/subject/chemistry"
"/locations/cbse-tuition-gurgaon-sector-79/","maths coaching for class 10 in Gurgaon","maths coaching for class 10 in Gurgaon","/subject/mathematics"
"/locations/cbse-tuition-gurgaon-sector-79/","physics tutor for class 11 CBSE Gurgaon","physics tutor for class 11 CBSE Gurgaon","/subject/physics"
"/locations/cbse-tuition-gurgaon-sector-79/","chemistry tuition for board exams Gurgaon","chemistry tuition for board exams Gurgaon","/subject/chemistry"
"/locations/cbse-tuition-gurgaon-sector-80/","maths coaching for class 10 in Gurgaon","maths coaching for class 10 in Gurgaon","/subject/mathematics"
"/locations/cbse-tuition-gurgaon-sector-80/","physics tutor for class 11 CBSE Gurgaon","physics tutor for class 11 CBSE Gurgaon","/subject/physics"
"/locations/cbse-tuition-gurgaon-sector-80/","chemistry tuition for board exams Gurgaon","chemistry tuition for board exams Gurgaon","/subject/chemistry"
"/locations/cbse-tuition-gurgaon-sector-81/","maths coaching for class 10 in Gurgaon","maths coaching for class 10 in Gurgaon","/subject/mathematics"
"/locations/cbse-tuition-gurgaon-sector-81/","physics tutor for class 11 CBSE Gurgaon","physics tutor for class 11 CBSE Gurgaon","/subject/physics"
"/locations/cbse-tuition-gurgaon-sector-81/","chemistry tuition for board exams Gurgaon","chemistry tuition for board exams Gurgaon","/subject/chemistry"
"/locations/cbse-tuition-gurgaon-sector-82/","maths coaching for class 10 in Gurgaon","maths coaching for class 10 in Gurgaon","/subject/mathematics"
"/locations/cbse-tuition-gurgaon-sector-82/","physics tutor for class 11 CBSE Gurgaon","physics tutor for class 11 CBSE Gurgaon","/subject/physics"
"/locations/cbse-tuition-gurgaon-sector-82/","chemistry tuition for board exams Gurgaon","chemistry tuition for board exams Gurgaon","/subject/chemistry"
"/locations/cbse-tuition-gurgaon-sector-83/","maths coaching for class 10 in Gurgaon","maths coaching for class 10 in Gurgaon","/subject/mathematics"
"/locations/cbse-tuition-gurgaon-sector-83/","physics tutor for class 11 CBSE Gurgaon","physics tutor for class 11 CBSE Gurgaon","/subject/physics"
"/locations/cbse-tuition-gurgaon-sector-83/","chemistry tuition for board exams Gurgaon","chemistry tuition for board exams Gurgaon","/subject/chemistry"
"/locations/cbse-tuition-gurgaon-sector-84/","maths coaching for class 10 in Gurgaon","maths coaching for class 10 in Gurgaon","/subject/mathematics"
"/locations/cbse-tuition-gurgaon-sector-84/","physics tutor for class 11 CBSE Gurgaon","physics tutor for class 11 CBSE Gurgaon","/subject/physics"
"/locations/cbse-tuition-gurgaon-sector-84/","chemistry tuition for board exams Gurgaon","chemistry tuition for board exams Gurgaon","/subject/chemistry"
"/locations/cbse-tuition-gurgaon-sector-85/","maths coaching for class 10 in Gurgaon","maths coaching for class 10 in Gurgaon","/subject/mathematics"
"/locations/cbse-tuition-gurgaon-sector-85/","physics tutor for class 11 CBSE Gurgaon","physics tutor for class 11 CBSE Gurgaon","/subject/physics"
"/locations/cbse-tuition-gurgaon-sector-85/","chemistry tuition for board exams Gurgaon","chemistry tuition for board exams Gurgaon","/subject/chemistry"
"/locations/cbse-tuition-gurgaon-sector-86/","maths coaching for class 10 in Gurgaon","maths coaching for class 10 in Gurgaon","/subject/mathematics"
"/locations/cbse-tuition-gurgaon-sector-86/","physics tutor for class 11 CBSE Gurgaon","physics tutor for class 11 CBSE Gurgaon","/subject/physics"
"/locations/cbse-tuition-gurgaon-sector-86/","chemistry tuition for board exams Gurgaon","chemistry tuition for board exams Gurgaon","/subject/chemistry"
"/locations/cbse-tuition-gurgaon-sector-87/","maths coaching for class 10 in Gurgaon","maths coaching for class 10 in Gurgaon","/subject/mathematics"
"/locations/cbse-tuition-gurgaon-sector-87/","physics tutor for class 11 CBSE Gurgaon","physics tutor for class 11 CBSE Gurgaon","/subject/physics"
"/locations/cbse-tuition-gurgaon-sector-87/","chemistry tuition for board exams Gurgaon","chemistry tuition for board exams Gurgaon","/subject/chemistry"
"/locations/cbse-tuition-gurgaon-sector-88/","maths coaching for class 10 in Gurgaon","maths coaching for class 10 in Gurgaon","/subject/mathematics"
"/locations/cbse-tuition-gurgaon-sector-88/","physics tutor for class 11 CBSE Gurgaon","physics tutor for class 11 CBSE Gurgaon","/subject/physics"
"/locations/cbse-tuition-gurgaon-sector-88/","chemistry tuition for board exams Gurgaon","chemistry tuition for board exams Gurgaon","/subject/chemistry"
"/locations/cbse-tuition-gurgaon-sector-89/","maths coaching for class 10 in Gurgaon","maths coaching for class 10 in Gurgaon","/subject/mathematics"
"/locations/cbse-tuition-gurgaon-sector-89/","physics tutor for class 11 CBSE Gurgaon","physics tutor for class 11 CBSE Gurgaon","/subject/physics"
"/locations/cbse-tuition-gurgaon-sector-89/","chemistry tuition for board exams Gurgaon","chemistry tuition for board exams Gurgaon","/subject/chemistry"
"/locations/cbse-tuition-gurgaon-sector-90/","maths coaching for class 10 in Gurgaon","maths coaching for class 10 in Gurgaon","/subject/mathematics"
"/locations/cbse-tuition-gurgaon-sector-90/","physics tutor for class 11 CBSE Gurgaon","physics tutor for class 11 CBSE Gurgaon","/subject/physics"
"/locations/cbse-tuition-gurgaon-sector-90/","chemistry tuition for board exams Gurgaon","chemistry tuition for board exams Gurgaon","/subject/chemistry"
"/locations/cbse-tuition-gurgaon-sector-91/","maths coaching for class 10 in Gurgaon","maths coaching for class 10 in Gurgaon","/subject/mathematics"
"/locations/cbse-tuition-gurgaon-sector-91/","physics tutor for class 11 CBSE Gurgaon","physics tutor for class 11 CBSE Gurgaon","/subject/physics"
"/locations/cbse-tuition-gurgaon-sector-91/","chemistry tuition for board exams Gurgaon","chemistry tuition for board exams Gurgaon","/subject/chemistry"
"/locations/cbse-tuition-gurgaon-sector-92/","maths coaching for class 10 in Gurgaon","maths coaching for class 10 in Gurgaon","/subject/mathematics"
"/locations/cbse-tuition-gurgaon-sector-92/","physics tutor for class 11 CBSE Gurgaon","physics tutor for class 11 CBSE Gurgaon","/subject/physics"
"/locations/cbse-tuition-gurgaon-sector-92/","chemistry tuition for board exams Gurgaon","chemistry tuition for board exams Gurgaon","/subject/chemistry"
"/locations/cbse-tuition-gurgaon-sector-93/","maths coaching for class 10 in Gurgaon","maths coaching for class 10 in Gurgaon","/subject/mathematics"
"/locations/cbse-tuition-gurgaon-sector-93/","physics tutor for class 11 CBSE Gurgaon","physics tutor for class 11 CBSE Gurgaon","/subject/physics"
"/locations/cbse-tuition-gurgaon-sector-93/","chemistry tuition for board exams Gurgaon","chemistry tuition for board exams Gurgaon","/subject/chemistry"
"/locations/cbse-tuition-gurgaon-sector-94/","maths coaching for class 10 in Gurgaon","maths coaching for class 10 in Gurgaon","/subject/mathematics"
"/locations/cbse-tuition-gurgaon-sector-94/","physics tutor for class 11 CBSE Gurgaon","physics tutor for class 11 CBSE Gurgaon","/subject/physics"
"/locations/cbse-tuition-gurgaon-sector-94/","chemistry tuition for board exams Gurgaon","chemistry tuition for board exams Gurgaon","/subject/chemistry"
"/locations/cbse-tuition-gurgaon-sector-95/","maths coaching for class 10 in Gurgaon","maths coaching for class 10 in Gurgaon","/subject/mathematics"
"/locations/cbse-tuition-gurgaon-sector-95/","physics tutor for class 11 CBSE Gurgaon","physics tutor for class 11 CBSE Gurgaon","/subject/physics"
"/locations/cbse-tuition-gurgaon-sector-95/","chemistry tuition for board exams Gurgaon","chemistry tuition for board exams Gurgaon","/subject/chemistry"
"/locations/cbse-tuition-gurgaon-sector-96/","maths coaching for class 10 in Gurgaon","maths coaching for class 10 in Gurgaon","/subject/mathematics"
"/locations/cbse-tuition-gurgaon-sector-96/","physics tutor for class 11 CBSE Gurgaon","physics tutor for class 11 CBSE Gurgaon","/subject/physics"
"/locations/cbse-tuition-gurgaon-sector-96/","chemistry tuition for board exams Gurgaon","chemistry tuition for board exams Gurgaon","/subject/chemistry"
"/locations/cbse-tuition-gurgaon-sector-97/","maths coaching for class 10 in Gurgaon","maths coaching for class 10 in Gurgaon","/subject/mathematics"
"/locations/cbse-tuition-gurgaon-sector-97/","physics tutor for class 11 CBSE Gurgaon","physics tutor for class 11 CBSE Gurgaon","/subject/physics"
"/locations/cbse-tuition-gurgaon-sector-97/","chemistry tuition for board exams Gurgaon","chemistry tuition for board exams Gurgaon","/subject/chemistry"
"/locations/cbse-tuition-gurgaon-sector-98/","maths coaching for class 10 in Gurgaon","maths coaching for class 10 in Gurgaon","/subject/mathematics"
"/locations/cbse-tuition-gurgaon-sector-98/","physics tutor for class 11 CBSE Gurgaon","physics tutor for class 11 CBSE Gurgaon","/subject/physics"
"/locations/cbse-tuition-gurgaon-sector-98/","chemistry tuition for board exams Gurgaon","chemistry tuition for board exams Gurgaon","/subject/chemistry"
"/locations/cbse-tuition-gurgaon-sector-99/","maths coaching for class 10 in Gurgaon","maths coaching for class 10 in Gurgaon","/subject/mathematics"
"/locations/cbse-tuition-gurgaon-sector-99/","physics tutor for class 11 CBSE Gurgaon","physics tutor for class 11 CBSE Gurgaon","/subject/physics"
"/locations/cbse-tuition-gurgaon-sector-99/","chemistry tuition for board exams Gurgaon","chemistry tuition for board exams Gurgaon","/subject/chemistry"
"/locations/cbse-tuition-manesar-sector-1/","maths coaching for class 10 in Gurgaon","maths coaching for class 10 in Gurgaon","/subject/mathematics"
"/locations/cbse-tuition-manesar-sector-1/","physics tutor for class 11 CBSE Gurgaon","physics tutor for class 11 CBSE Gurgaon","/subject/physics"
"/locations/cbse-tuition-manesar-sector-1/","chemistry tuition for board exams Gurgaon","chemistry tuition for board exams Gurgaon","/subject/chemistry"
"/locations/cbse-tuition-manesar-sector-2/","maths coaching for class 10 in Gurgaon","maths coaching for class 10 in Gurgaon","/subject/mathematics"
"/locations/cbse-tuition-manesar-sector-2/","physics tutor for class 11 CBSE Gurgaon","physics tutor for class 11 CBSE Gurgaon","/subject/physics"
"/locations/cbse-tuition-manesar-sector-2/","chemistry tuition for board exams Gurgaon","chemistry tuition for board exams Gurgaon","/subject/chemistry"
"/locations/cbse-tuition-manesar-sector-3/","maths coaching for class 10 in Gurgaon","maths coaching for class 10 in Gurgaon","/subject/mathematics"
"/locations/cbse-tuition-manesar-sector-3/","physics tutor for class 11 CBSE Gurgaon","physics tutor for class 11 CBSE Gurgaon","/subject/physics"
"/locations/cbse-tuition-manesar-sector-3/","chemistry tuition for board exams Gurgaon","chemistry tuition for board exams Gurgaon","/subject/chemistry"
"/locations/cbse-tuition-manesar-sector-4/","maths coaching for class 10 in Gurgaon","maths coaching for class 10 in Gurgaon","/subject/mathematics"
"/locations/cbse-tuition-manesar-sector-4/","physics tutor for class 11 CBSE Gurgaon","physics tutor for class 11 CBSE Gurgaon","/subject/physics"
"/locations/cbse-tuition-manesar-sector-4/","chemistry tuition for board exams Gurgaon","chemistry tuition for board exams Gurgaon","/subject/chemistry"
"/locations/cbse-tuition-manesar-sector-5/","maths coaching for class 10 in Gurgaon","maths coaching for class 10 in Gurgaon","/subject/mathematics"
"/locations/cbse-tuition-manesar-sector-5/","physics tutor for class 11 CBSE Gurgaon","physics tutor for class 11 CBSE Gurgaon","/subject/physics"
"/locations/cbse-tuition-manesar-sector-5/","chemistry tuition for board exams Gurgaon","chemistry tuition for board exams Gurgaon","/subject/chemistry"
"/locations/jee-coaching-gurgaon-sector-78/","IIT JEE coaching in Gurgaon","IIT JEE coaching in Gurgaon","/courses/iit"
"/locations/jee-coaching-gurgaon-sector-78/","IIT JEE foundation course Gurgaon","IIT JEE foundation course Gurgaon","/courses/foundation"
"/locations/jee-coaching-gurgaon-sector-78/","2 year IIT JEE program Gurgaon","2 year IIT JEE program Gurgaon","/course/2-year-integrated-regular"
"/locations/jee-coaching-gurgaon-sector-79/","IIT JEE coaching in Gurgaon","IIT JEE coaching in Gurgaon","/courses/iit"
"/locations/jee-coaching-gurgaon-sector-79/","IIT JEE foundation course Gurgaon","IIT JEE foundation course Gurgaon","/courses/foundation"
"/locations/jee-coaching-gurgaon-sector-79/","2 year IIT JEE program Gurgaon","2 year IIT JEE program Gurgaon","/course/2-year-integrated-regular"
"/locations/jee-coaching-gurgaon-sector-80/","IIT JEE coaching in Gurgaon","IIT JEE coaching in Gurgaon","/courses/iit"
"/locations/jee-coaching-gurgaon-sector-80/","IIT JEE foundation course Gurgaon","IIT JEE foundation course Gurgaon","/courses/foundation"
"/locations/jee-coaching-gurgaon-sector-80/","2 year IIT JEE program Gurgaon","2 year IIT JEE program Gurgaon","/course/2-year-integrated-regular"
"/locations/jee-coaching-gurgaon-sector-81/","IIT JEE coaching in Gurgaon","IIT JEE coaching in Gurgaon","/courses/iit"
"/locations/jee-coaching-gurgaon-sector-81/","IIT JEE foundation course Gurgaon","IIT JEE foundation course Gurgaon","/courses/foundation"
"/locations/jee-coaching-gurgaon-sector-81/","2 year IIT JEE program Gurgaon","2 year IIT JEE program Gurgaon","/course/2-year-integrated-regular"
"/locations/jee-coaching-gurgaon-sector-82/","IIT JEE coaching in Gurgaon","IIT JEE coaching in Gurgaon","/courses/iit"
"/locations/jee-coaching-gurgaon-sector-82/","IIT JEE foundation course Gurgaon","IIT JEE foundation course Gurgaon","/courses/foundation"
"/locations/jee-coaching-gurgaon-sector-82/","2 year IIT JEE program Gurgaon","2 year IIT JEE program Gurgaon","/course/2-year-integrated-regular"
"/locations/jee-coaching-gurgaon-sector-83/","IIT JEE coaching in Gurgaon","IIT JEE coaching in Gurgaon","/courses/iit"
"/locations/jee-coaching-gurgaon-sector-83/","IIT JEE foundation course Gurgaon","IIT JEE foundation course Gurgaon","/courses/foundation"
"/locations/jee-coaching-gurgaon-sector-83/","2 year IIT JEE program Gurgaon","2 year IIT JEE program Gurgaon","/course/2-year-integrated-regular"
"/locations/jee-coaching-gurgaon-sector-84/","IIT JEE coaching in Gurgaon","IIT JEE coaching in Gurgaon","/courses/iit"
"/locations/jee-coaching-gurgaon-sector-84/","IIT JEE foundation course Gurgaon","IIT JEE foundation course Gurgaon","/courses/foundation"
"/locations/jee-coaching-gurgaon-sector-84/","2 year IIT JEE program Gurgaon","2 year IIT JEE program Gurgaon","/course/2-year-integrated-regular"
"/locations/jee-coaching-gurgaon-sector-85/","IIT JEE coaching in Gurgaon","IIT JEE coaching in Gurgaon","/courses/iit"
"/locations/jee-coaching-gurgaon-sector-85/","IIT JEE foundation course Gurgaon","IIT JEE foundation course Gurgaon","/courses/foundation"
"/locations/jee-coaching-gurgaon-sector-85/","2 year IIT JEE program Gurgaon","2 year IIT JEE program Gurgaon","/course/2-year-integrated-regular"
"/locations/jee-coaching-gurgaon-sector-86/","IIT JEE coaching in Gurgaon","IIT JEE coaching in Gurgaon","/courses/iit"
"/locations/jee-coaching-gurgaon-sector-86/","IIT JEE foundation course Gurgaon","IIT JEE foundation course Gurgaon","/courses/foundation"
"/locations/jee-coaching-gurgaon-sector-86/","2 year IIT JEE program Gurgaon","2 year IIT JEE program Gurgaon","/course/2-year-integrated-regular"
"/locations/jee-coaching-gurgaon-sector-87/","IIT JEE coaching in Gurgaon","IIT JEE coaching in Gurgaon","/courses/iit"
"/locations/jee-coaching-gurgaon-sector-87/","IIT JEE foundation course Gurgaon","IIT JEE foundation course Gurgaon","/courses/foundation"
"/locations/jee-coaching-gurgaon-sector-87/","2 year IIT JEE program Gurgaon","2 year IIT JEE program Gurgaon","/course/2-year-integrated-regular"
"/locations/jee-coaching-gurgaon-sector-88/","IIT JEE coaching in Gurgaon","IIT JEE coaching in Gurgaon","/courses/iit"
"/locations/jee-coaching-gurgaon-sector-88/","IIT JEE foundation course Gurgaon","IIT JEE foundation course Gurgaon","/courses/foundation"
"/locations/jee-coaching-gurgaon-sector-88/","2 year IIT JEE program Gurgaon","2 year IIT JEE program Gurgaon","/course/2-year-integrated-regular"
"/locations/jee-coaching-gurgaon-sector-89/","IIT JEE coaching in Gurgaon","IIT JEE coaching in Gurgaon","/courses/iit"
"/locations/jee-coaching-gurgaon-sector-89/","IIT JEE foundation course Gurgaon","IIT JEE foundation course Gurgaon","/courses/foundation"
"/locations/jee-coaching-gurgaon-sector-89/","2 year IIT JEE program Gurgaon","2 year IIT JEE program Gurgaon","/course/2-year-integrated-regular"
"/locations/jee-coaching-gurgaon-sector-90/","IIT JEE coaching in Gurgaon","IIT JEE coaching in Gurgaon","/courses/iit"
"/locations/jee-coaching-gurgaon-sector-90/","IIT JEE foundation course Gurgaon","IIT JEE foundation course Gurgaon","/courses/foundation"
"/locations/jee-coaching-gurgaon-sector-90/","2 year IIT JEE program Gurgaon","2 year IIT JEE program Gurgaon","/course/2-year-integrated-regular"
"/locations/jee-coaching-gurgaon-sector-91/","IIT JEE coaching in Gurgaon","IIT JEE coaching in Gurgaon","/courses/iit"
"/locations/jee-coaching-gurgaon-sector-91/","IIT JEE foundation course Gurgaon","IIT JEE foundation course Gurgaon","/courses/foundation"
"/locations/jee-coaching-gurgaon-sector-91/","2 year IIT JEE program Gurgaon","2 year IIT JEE program Gurgaon","/course/2-year-integrated-regular"
"/locations/jee-coaching-gurgaon-sector-92/","IIT JEE coaching in Gurgaon","IIT JEE coaching in Gurgaon","/courses/iit"
"/locations/jee-coaching-gurgaon-sector-92/","IIT JEE foundation course Gurgaon","IIT JEE foundation course Gurgaon","/courses/foundation"
"/locations/jee-coaching-gurgaon-sector-92/","2 year IIT JEE program Gurgaon","2 year IIT JEE program Gurgaon","/course/2-year-integrated-regular"
"/locations/jee-coaching-gurgaon-sector-93/","IIT JEE coaching in Gurgaon","IIT JEE coaching in Gurgaon","/courses/iit"
"/locations/jee-coaching-gurgaon-sector-93/","IIT JEE foundation course Gurgaon","IIT JEE foundation course Gurgaon","/courses/foundation"
"/locations/jee-coaching-gurgaon-sector-93/","2 year IIT JEE program Gurgaon","2 year IIT JEE program Gurgaon","/course/2-year-integrated-regular"
"/locations/jee-coaching-gurgaon-sector-94/","IIT JEE coaching in Gurgaon","IIT JEE coaching in Gurgaon","/courses/iit"
"/locations/jee-coaching-gurgaon-sector-94/","IIT JEE foundation course Gurgaon","IIT JEE foundation course Gurgaon","/courses/foundation"
"/locations/jee-coaching-gurgaon-sector-94/","2 year IIT JEE program Gurgaon","2 year IIT JEE program Gurgaon","/course/2-year-integrated-regular"
"/locations/jee-coaching-gurgaon-sector-95/","IIT JEE coaching in Gurgaon","IIT JEE coaching in Gurgaon","/courses/iit"
"/locations/jee-coaching-gurgaon-sector-95/","IIT JEE foundation course Gurgaon","IIT JEE foundation course Gurgaon","/courses/foundation"
"/locations/jee-coaching-gurgaon-sector-95/","2 year IIT JEE program Gurgaon","2 year IIT JEE program Gurgaon","/course/2-year-integrated-regular"
"/locations/jee-coaching-gurgaon-sector-96/","IIT JEE coaching in Gurgaon","IIT JEE coaching in Gurgaon","/courses/iit"
"/locations/jee-coaching-gurgaon-sector-96/","IIT JEE foundation course Gurgaon","IIT JEE foundation course Gurgaon","/courses/foundation"
"/locations/jee-coaching-gurgaon-sector-96/","2 year IIT JEE program Gurgaon","2 year IIT JEE program Gurgaon","/course/2-year-integrated-regular"
"/locations/jee-coaching-gurgaon-sector-97/","IIT JEE coaching in Gurgaon","IIT JEE coaching in Gurgaon","/courses/iit"
"/locations/jee-coaching-gurgaon-sector-97/","IIT JEE foundation course Gurgaon","IIT JEE foundation course Gurgaon","/courses/foundation"
"/locations/jee-coaching-gurgaon-sector-97/","2 year IIT JEE program Gurgaon","2 year IIT JEE program Gurgaon","/course/2-year-integrated-regular"
"/locations/jee-coaching-gurgaon-sector-98/","IIT JEE coaching in Gurgaon","IIT JEE coaching in Gurgaon","/courses/iit"
"/locations/jee-coaching-gurgaon-sector-98/","IIT JEE foundation course Gurgaon","IIT JEE foundation course Gurgaon","/courses/foundation"
"/locations/jee-coaching-gurgaon-sector-98/","2 year IIT JEE program Gurgaon","2 year IIT JEE program Gurgaon","/course/2-year-integrated-regular"
"/locations/jee-coaching-gurgaon-sector-99/","IIT JEE coaching in Gurgaon","IIT JEE coaching in Gurgaon","/courses/iit"
"/locations/jee-coaching-gurgaon-sector-99/","IIT JEE foundation course Gurgaon","IIT JEE foundation course Gurgaon","/courses/foundation"
"/locations/jee-coaching-gurgaon-sector-99/","2 year IIT JEE program Gurgaon","2 year IIT JEE program Gurgaon","/course/2-year-integrated-regular"
"/locations/jee-coaching-manesar-sector-1/","IIT JEE coaching in Gurgaon","IIT JEE coaching in Gurgaon","/courses/iit"
"/locations/jee-coaching-manesar-sector-1/","IIT JEE foundation course Gurgaon","IIT JEE foundation course Gurgaon","/courses/foundation"
"/locations/jee-coaching-manesar-sector-1/","2 year IIT JEE program Gurgaon","2 year IIT JEE program Gurgaon","/course/2-year-integrated-regular"
"/locations/jee-coaching-manesar-sector-2/","IIT JEE coaching in Gurgaon","IIT JEE coaching in Gurgaon","/courses/iit"
"/locations/jee-coaching-manesar-sector-2/","IIT JEE foundation course Gurgaon","IIT JEE foundation course Gurgaon","/courses/foundation"
"/locations/jee-coaching-manesar-sector-2/","2 year IIT JEE program Gurgaon","2 year IIT JEE program Gurgaon","/course/2-year-integrated-regular"
"/locations/jee-coaching-manesar-sector-3/","IIT JEE coaching in Gurgaon","IIT JEE coaching in Gurgaon","/courses/iit"
"/locations/jee-coaching-manesar-sector-3/","IIT JEE foundation course Gurgaon","IIT JEE foundation course Gurgaon","/courses/foundation"
"/locations/jee-coaching-manesar-sector-3/","2 year IIT JEE program Gurgaon","2 year IIT JEE program Gurgaon","/course/2-year-integrated-regular"
"/locations/jee-coaching-manesar-sector-4/","IIT JEE coaching in Gurgaon","IIT JEE coaching in Gurgaon","/courses/iit"
"/locations/jee-coaching-manesar-sector-4/","IIT JEE foundation course Gurgaon","IIT JEE foundation course Gurgaon","/courses/foundation"
"/locations/jee-coaching-manesar-sector-4/","2 year IIT JEE program Gurgaon","2 year IIT JEE program Gurgaon","/course/2-year-integrated-regular"
"/locations/jee-coaching-manesar-sector-5/","IIT JEE coaching in Gurgaon","IIT JEE coaching in Gurgaon","/courses/iit"
"/locations/jee-coaching-manesar-sector-5/","IIT JEE foundation course Gurgaon","IIT JEE foundation course Gurgaon","/courses/foundation"
"/locations/jee-coaching-manesar-sector-5/","2 year IIT JEE program Gurgaon","2 year IIT JEE program Gurgaon","/course/2-year-integrated-regular"
"/locations/neet-coaching-gurgaon-sector-78/","NEET coaching in Gurgaon","NEET coaching in Gurgaon","/courses/neet"
"/locations/neet-coaching-gurgaon-sector-78/","2 year NEET coaching Gurgaon","2 year NEET coaching Gurgaon","/course/2-year-integrated-regular-neet"
"/locations/neet-coaching-gurgaon-sector-78/","NEET foundation course Gurgaon","NEET foundation course Gurgaon","/courses/foundation"
"/locations/neet-coaching-gurgaon-sector-79/","NEET coaching in Gurgaon","NEET coaching in Gurgaon","/courses/neet"
"/locations/neet-coaching-gurgaon-sector-79/","2 year NEET coaching Gurgaon","2 year NEET coaching Gurgaon","/course/2-year-integrated-regular-neet"
"/locations/neet-coaching-gurgaon-sector-79/","NEET foundation course Gurgaon","NEET foundation course Gurgaon","/courses/foundation"
"/locations/neet-coaching-gurgaon-sector-80/","NEET coaching in Gurgaon","NEET coaching in Gurgaon","/courses/neet"
"/locations/neet-coaching-gurgaon-sector-80/","2 year NEET coaching Gurgaon","2 year NEET coaching Gurgaon","/course/2-year-integrated-regular-neet"
"/locations/neet-coaching-gurgaon-sector-80/","NEET foundation course Gurgaon","NEET foundation course Gurgaon","/courses/foundation"
"/locations/neet-coaching-gurgaon-sector-81/","NEET coaching in Gurgaon","NEET coaching in Gurgaon","/courses/neet"
"/locations/neet-coaching-gurgaon-sector-81/","2 year NEET coaching Gurgaon","2 year NEET coaching Gurgaon","/course/2-year-integrated-regular-neet"
"/locations/neet-coaching-gurgaon-sector-81/","NEET foundation course Gurgaon","NEET foundation course Gurgaon","/courses/foundation"
"/locations/neet-coaching-gurgaon-sector-82/","NEET coaching in Gurgaon","NEET coaching in Gurgaon","/courses/neet"
"/locations/neet-coaching-gurgaon-sector-82/","2 year NEET coaching Gurgaon","2 year NEET coaching Gurgaon","/course/2-year-integrated-regular-neet"
"/locations/neet-coaching-gurgaon-sector-82/","NEET foundation course Gurgaon","NEET foundation course Gurgaon","/courses/foundation"
"/locations/neet-coaching-gurgaon-sector-83/","NEET coaching in Gurgaon","NEET coaching in Gurgaon","/courses/neet"
"/locations/neet-coaching-gurgaon-sector-83/","2 year NEET coaching Gurgaon","2 year NEET coaching Gurgaon","/course/2-year-integrated-regular-neet"
"/locations/neet-coaching-gurgaon-sector-83/","NEET foundation course Gurgaon","NEET foundation course Gurgaon","/courses/foundation"
"/locations/neet-coaching-gurgaon-sector-84/","NEET coaching in Gurgaon","NEET coaching in Gurgaon","/courses/neet"
"/locations/neet-coaching-gurgaon-sector-84/","2 year NEET coaching Gurgaon","2 year NEET coaching Gurgaon","/course/2-year-integrated-regular-neet"
"/locations/neet-coaching-gurgaon-sector-84/","NEET foundation course Gurgaon","NEET foundation course Gurgaon","/courses/foundation"
"/locations/neet-coaching-gurgaon-sector-85/","NEET coaching in Gurgaon","NEET coaching in Gurgaon","/courses/neet"
"/locations/neet-coaching-gurgaon-sector-85/","2 year NEET coaching Gurgaon","2 year NEET coaching Gurgaon","/course/2-year-integrated-regular-neet"
"/locations/neet-coaching-gurgaon-sector-85/","NEET foundation course Gurgaon","NEET foundation course Gurgaon","/courses/foundation"
"/locations/neet-coaching-gurgaon-sector-86/","NEET coaching in Gurgaon","NEET coaching in Gurgaon","/courses/neet"
"/locations/neet-coaching-gurgaon-sector-86/","2 year NEET coaching Gurgaon","2 year NEET coaching Gurgaon","/course/2-year-integrated-regular-neet"
"/locations/neet-coaching-gurgaon-sector-86/","NEET foundation course Gurgaon","NEET foundation course Gurgaon","/courses/foundation"
"/locations/neet-coaching-gurgaon-sector-87/","NEET coaching in Gurgaon","NEET coaching in Gurgaon","/courses/neet"
"/locations/neet-coaching-gurgaon-sector-87/","2 year NEET coaching Gurgaon","2 year NEET coaching Gurgaon","/course/2-year-integrated-regular-neet"
"/locations/neet-coaching-gurgaon-sector-87/","NEET foundation course Gurgaon","NEET foundation course Gurgaon","/courses/foundation"
"/locations/neet-coaching-gurgaon-sector-88/","NEET coaching in Gurgaon","NEET coaching in Gurgaon","/courses/neet"
"/locations/neet-coaching-gurgaon-sector-88/","2 year NEET coaching Gurgaon","2 year NEET coaching Gurgaon","/course/2-year-integrated-regular-neet"
"/locations/neet-coaching-gurgaon-sector-88/","NEET foundation course Gurgaon","NEET foundation course Gurgaon","/courses/foundation"
"/locations/neet-coaching-gurgaon-sector-89/","NEET coaching in Gurgaon","NEET coaching in Gurgaon","/courses/neet"
"/locations/neet-coaching-gurgaon-sector-89/","2 year NEET coaching Gurgaon","2 year NEET coaching Gurgaon","/course/2-year-integrated-regular-neet"
"/locations/neet-coaching-gurgaon-sector-89/","NEET foundation course Gurgaon","NEET foundation course Gurgaon","/courses/foundation"
"/locations/neet-coaching-gurgaon-sector-90/","NEET coaching in Gurgaon","NEET coaching in Gurgaon","/courses/neet"
"/locations/neet-coaching-gurgaon-sector-90/","2 year NEET coaching Gurgaon","2 year NEET coaching Gurgaon","/course/2-year-integrated-regular-neet"
"/locations/neet-coaching-gurgaon-sector-90/","NEET foundation course Gurgaon","NEET foundation course Gurgaon","/courses/foundation"
"/locations/neet-coaching-gurgaon-sector-91/","NEET coaching in Gurgaon","NEET coaching in Gurgaon","/courses/neet"
"/locations/neet-coaching-gurgaon-sector-91/","2 year NEET coaching Gurgaon","2 year NEET coaching Gurgaon","/course/2-year-integrated-regular-neet"
"/locations/neet-coaching-gurgaon-sector-91/","NEET foundation course Gurgaon","NEET foundation course Gurgaon","/courses/foundation"
"/locations/neet-coaching-gurgaon-sector-92/","NEET coaching in Gurgaon","NEET coaching in Gurgaon","/courses/neet"
"/locations/neet-coaching-gurgaon-sector-92/","2 year NEET coaching Gurgaon","2 year NEET coaching Gurgaon","/course/2-year-integrated-regular-neet"
"/locations/neet-coaching-gurgaon-sector-92/","NEET foundation course Gurgaon","NEET foundation course Gurgaon","/courses/foundation"
"/locations/neet-coaching-gurgaon-sector-93/","NEET coaching in Gurgaon","NEET coaching in Gurgaon","/courses/neet"
"/locations/neet-coaching-gurgaon-sector-93/","2 year NEET coaching Gurgaon","2 year NEET coaching Gurgaon","/course/2-year-integrated-regular-neet"
"/locations/neet-coaching-gurgaon-sector-93/","NEET foundation course Gurgaon","NEET foundation course Gurgaon","/courses/foundation"
"/locations/neet-coaching-gurgaon-sector-94/","NEET coaching in Gurgaon","NEET coaching in Gurgaon","/courses/neet"
"/locations/neet-coaching-gurgaon-sector-94/","2 year NEET coaching Gurgaon","2 year NEET coaching Gurgaon","/course/2-year-integrated-regular-neet"
"/locations/neet-coaching-gurgaon-sector-94/","NEET foundation course Gurgaon","NEET foundation course Gurgaon","/courses/foundation"
"/locations/neet-coaching-gurgaon-sector-95/","NEET coaching in Gurgaon","NEET coaching in Gurgaon","/courses/neet"
"/locations/neet-coaching-gurgaon-sector-95/","2 year NEET coaching Gurgaon","2 year NEET coaching Gurgaon","/course/2-year-integrated-regular-neet"
"/locations/neet-coaching-gurgaon-sector-95/","NEET foundation course Gurgaon","NEET foundation course Gurgaon","/courses/foundation"
"/locations/neet-coaching-gurgaon-sector-96/","NEET coaching in Gurgaon","NEET coaching in Gurgaon","/courses/neet"
"/locations/neet-coaching-gurgaon-sector-96/","2 year NEET coaching Gurgaon","2 year NEET coaching Gurgaon","/course/2-year-integrated-regular-neet"
"/locations/neet-coaching-gurgaon-sector-96/","NEET foundation course Gurgaon","NEET foundation course Gurgaon","/courses/foundation"
"/locations/neet-coaching-gurgaon-sector-97/","NEET coaching in Gurgaon","NEET coaching in Gurgaon","/courses/neet"
"/locations/neet-coaching-gurgaon-sector-97/","2 year NEET coaching Gurgaon","2 year NEET coaching Gurgaon","/course/2-year-integrated-regular-neet"
"/locations/neet-coaching-gurgaon-sector-97/","NEET foundation course Gurgaon","NEET foundation course Gurgaon","/courses/foundation"
"/locations/neet-coaching-gurgaon-sector-98/","NEET coaching in Gurgaon","NEET coaching in Gurgaon","/courses/neet"
"/locations/neet-coaching-gurgaon-sector-98/","2 year NEET coaching Gurgaon","2 year NEET coaching Gurgaon","/course/2-year-integrated-regular-neet"
"/locations/neet-coaching-gurgaon-sector-98/","NEET foundation course Gurgaon","NEET foundation course Gurgaon","/courses/foundation"
"/locations/neet-coaching-gurgaon-sector-99/","NEET coaching in Gurgaon","NEET coaching in Gurgaon","/courses/neet"
"/locations/neet-coaching-gurgaon-sector-99/","2 year NEET coaching Gurgaon","2 year NEET coaching Gurgaon","/course/2-year-integrated-regular-neet"
"/locations/neet-coaching-gurgaon-sector-99/","NEET foundation course Gurgaon","NEET foundation course Gurgaon","/courses/foundation"
"/locations/neet-coaching-manesar-sector-1/","NEET coaching in Gurgaon","NEET coaching in Gurgaon","/courses/neet"
"/locations/neet-coaching-manesar-sector-1/","2 year NEET coaching Gurgaon","2 year NEET coaching Gurgaon","/course/2-year-integrated-regular-neet"
"/locations/neet-coaching-manesar-sector-1/","NEET foundation course Gurgaon","NEET foundation course Gurgaon","/courses/foundation"
"/locations/neet-coaching-manesar-sector-2/","NEET coaching in Gurgaon","NEET coaching in Gurgaon","/courses/neet"
"/locations/neet-coaching-manesar-sector-2/","2 year NEET coaching Gurgaon","2 year NEET coaching Gurgaon","/course/2-year-integrated-regular-neet"
"/locations/neet-coaching-manesar-sector-2/","NEET foundation course Gurgaon","NEET foundation course Gurgaon","/courses/foundation"
"/locations/neet-coaching-manesar-sector-3/","NEET coaching in Gurgaon","NEET coaching in Gurgaon","/courses/neet"
"/locations/neet-coaching-manesar-sector-3/","2 year NEET coaching Gurgaon","2 year NEET coaching Gurgaon","/course/2-year-integrated-regular-neet"
"/locations/neet-coaching-manesar-sector-3/","NEET foundation course Gurgaon","NEET foundation course Gurgaon","/courses/foundation"
"/locations/neet-coaching-manesar-sector-4/","NEET coaching in Gurgaon","NEET coaching in Gurgaon","/courses/neet"
"/locations/neet-coaching-manesar-sector-4/","2 year NEET coaching Gurgaon","2 year NEET coaching Gurgaon","/course/2-year-integrated-regular-neet"
"/locations/neet-coaching-manesar-sector-4/","NEET foundation course Gurgaon","NEET foundation course Gurgaon","/courses/foundation"
"/locations/neet-coaching-manesar-sector-5/","NEET coaching in Gurgaon","NEET coaching in Gurgaon","/courses/neet"
"/locations/neet-coaching-manesar-sector-5/","2 year NEET coaching Gurgaon","2 year NEET coaching Gurgaon","/course/2-year-integrated-regular-neet"
"/locations/neet-coaching-manesar-sector-5/","NEET foundation course Gurgaon","NEET foundation course Gurgaon","/courses/foundation"
"/subject/biology/","NEET coaching in Gurgaon","NEET coaching in Gurgaon","/courses/neet"
"/subject/biology/","1 year NEET coaching Gurgaon","1 year NEET coaching Gurgaon","/course/1-year-regular-12-neet"
"/subject/biology/","NEET foundation course Gurgaon","NEET foundation course Gurgaon","/courses/foundation"
"/subject/chemistry/","IIT JEE coaching in Gurgaon","IIT JEE coaching in Gurgaon","/courses/iit"
"/subject/chemistry/","2 year IIT JEE program Gurgaon","2 year IIT JEE program Gurgaon","/course/2-year-integrated-regular"
"/subject/chemistry/","NEET coaching in Gurgaon","NEET coaching in Gurgaon","/courses/neet"
"/subject/mathematics/","IIT JEE coaching in Gurgaon","IIT JEE coaching in Gurgaon","/courses/iit"
"/subject/mathematics/","2 year IIT JEE program Gurgaon","2 year IIT JEE program Gurgaon","/course/2-year-integrated-regular"
"/subject/mathematics/","IIT JEE foundation course Gurgaon","IIT JEE foundation course Gurgaon","/courses/foundation"
"/subject/physics/","IIT JEE coaching in Gurgaon","IIT JEE coaching in Gurgaon","/courses/iit"
"/subject/physics/","2 year IIT JEE program Gurgaon","2 year IIT JEE program Gurgaon","/course/2-year-integrated-regular"
"/subject/physics/","IIT JEE foundation course Gurgaon","IIT JEE foundation course Gurgaon","/courses/foundation"
"/tuition/biology-tuition-classes-gurgaon/","biology tuition for class 12 Gurgaon","biology tuition for class 12 Gurgaon","/subject/biology"
"/tuition/biology-tuition-classes-gurgaon/","CBSE biology tuition class 12 Gurugram","CBSE biology tuition class 12 Gurugram","/subject/biology"
"/tuition/biology-tuition-classes-gurgaon/","biology coaching near Sohna Road Gurugram","biology coaching near Sohna Road Gurugram","/subject/biology"
"/tuition/biology-tuition-classes-manesar/","biology tuition for class 12 Gurgaon","biology tuition for class 12 Gurgaon","/subject/biology"
"/tuition/biology-tuition-classes-manesar/","CBSE biology tuition class 12 Gurugram","CBSE biology tuition class 12 Gurugram","/subject/biology"
"/tuition/biology-tuition-classes-manesar/","biology coaching near Sohna Road Gurugram","biology coaching near Sohna Road Gurugram","/subject/biology"
"/tuition/chemistry-tuition-classes-gurgaon/","chemistry tuition classes in Gurgaon","chemistry tuition classes in Gurgaon","/subject/chemistry"
"/tuition/chemistry-tuition-classes-gurgaon/","chemistry tutor near gurgaon sector 85","chemistry tutor near gurgaon sector 85","/subject/chemistry"
"/tuition/chemistry-tuition-classes-gurgaon/","1 year NEET coaching Gurgaon","1 year NEET coaching Gurgaon","/course/1-year-regular-12-neet"
"/tuition/chemistry-tuition-classes-manesar/","chemistry tutor near gurgaon sector 85","chemistry tutor near gurgaon sector 85","/subject/chemistry"
"/tuition/chemistry-tuition-classes-manesar/","chemistry tuition classes in Gurgaon","chemistry tuition classes in Gurgaon","/subject/chemistry"
"/tuition/chemistry-tuition-classes-manesar/","1 year NEET coaching Gurgaon","1 year NEET coaching Gurgaon","/course/1-year-regular-12-neet"
"/tuition/maths-tuition-classes-gurgaon/","ICSE maths tuition Gurgaon class 10","ICSE maths tuition Gurgaon class 10","/subject/mathematics"
"/tuition/maths-tuition-classes-gurgaon/","maths coaching for class 12 Gurgaon","maths coaching for class 12 Gurgaon","/subject/mathematics"
"/tuition/maths-tuition-classes-gurgaon/","1 year JEE coaching Gurgaon","1 year JEE coaching Gurgaon","/course/1-year-regular-12"
"/tuition/maths-tuition-classes-manesar/","ICSE maths tuition Gurgaon class 10","ICSE maths tuition Gurgaon class 10","/subject/mathematics"
"/tuition/maths-tuition-classes-manesar/","maths coaching for class 12 Gurgaon","maths coaching for class 12 Gurgaon","/subject/mathematics"
"/tuition/maths-tuition-classes-manesar/","1 year JEE coaching Gurgaon","1 year JEE coaching Gurgaon","/course/1-year-regular-12"
"/tuition/physics-tuition-classes-gurgaon/","physics tutor Sector 85 Gurgaon","physics tutor Sector 85 Gurgaon","/subject/physics"
"/tuition/physics-tuition-classes-gurgaon/","physics tuition for class 9 Gurgaon","physics tuition for class 9 Gurgaon","/subject/physics"
"/tuition/physics-tuition-classes-gurgaon/","2 year IIT JEE program Gurgaon","2 year IIT JEE program Gurgaon","/course/2-year-integrated-regular"
"/tuition/physics-tuition-classes-manesar/","physics tutor Sector 85 Gurgaon","physics tutor Sector 85 Gurgaon","/subject/physics"
"/tuition/physics-tuition-classes-manesar/","physics tuition for class 9 Gurgaon","physics tuition for class 9 Gurgaon","/subject/physics"
"/tuition/physics-tuition-classes-manesar/","2 year IIT JEE program Gurgaon","2 year IIT JEE program Gurgaon","/course/2-year-integrated-regular"
